Id,Series Name,Photo
1,356,/images/356_banner.jpg
2,911,/images/911_banner.jpg
3,912,/images/912_banner.jpg
4,914,/images/914_banner.jpg
5,924,/images/924_banner.jpg
6,928,/images/928_banner.jpg
7,944,/images/944_banner.jpg
8,959,/images/959_banner.jpg
9,964,/images/964_banner.jpg
10,968,/images/968_banner.jpg
11,993,/images/993_banner.jpg
12,986,/images/986_banner.jpg
13,996,/images/996_banner.jpg
14,980,/images/980_banner.jpg
15,Cayenne,/images/cayenne_banner.jpg
16,997,/images/997_banner.jpg
17,987,/images/987_banner.jpg